<?xml version="1.0" encoding="UTF-8"?>
<archivos>
  <archivo>
    <nombre>holaestosirve.txt</nombre>
    <tamano>10KB</tamano>
    <diacreado>16-11-2012</diacreado>
    <diamodificado>16-11-2012</diamodificado>
    <user>osorioabel</user>
  </archivo>
  <archivo>
    <nombre>tremendopeo.txt</nombre>
    <tamano>10KB</tamano>
    <diacreado>16-11-2012</diacreado>
    <diamodificado>16-11-2012</diamodificado>
    <user>osorioabel</user>
  </archivo>
  <archivo>
    <nombre>pruebaconxmlnodos.txt</nombre>
    <tamano>10KB</tamano>
    <diacreado>16-11-2012</diacreado>
    <diamodificado>16-11-2012</diamodificado>
    <user>osorioabel</user>
  </archivo>
  <archivo>
    <nombre>prueba.txt</nombre>
    <tamano>10KB</tamano>
    <diacreado>16-11-2012</diacreado>
    <diamodificado>16-11-2012</diamodificado>
    <user>osorioabel</user>
  </archivo>
  <archivo>
    <nombre>da.txt</nombre>
    <tamano>10KB</tamano>
    <diacreado>16-11-2012</diacreado>
    <diamodificado>16-11-2012</diamodificado>
    <user>osorioabel</user>
  </archivo>
  <archivo>
    <nombre>ddas.txt</nombre>
    <tamano>10KB</tamano>
    <diacreado>16-11-2012</diacreado>
    <diamodificado>16-11-2012</diamodificado>
    <user>osorioabel</user>
  </archivo>
  <archivo>
    <nombre>qladilla.txt</nombre>
    <tamano>10KB</tamano>
    <diacreado>16-11-2012</diacreado>
    <diamodificado>16-11-2012</diamodificado>
    <user>osorioabel</user>
  </archivo>
  <archivo>
    <nombre>toma.txt</nombre>
    <tamano>10KB</tamano>
    <diacreado>16-11-2012</diacreado>
    <diamodificado>16-11-2012</diamodificado>
    <user>osorioabel</user>
  </archivo>
  <archivo>
    <nombre>asda</nombre>
    <tamano>10KB</tamano>
    <diacreado>16-11-2012</diacreado>
    <diamodificado>16-11-2012</diamodificado>
    <user>osorioabel</user>
  </archivo>
  <archivo>
    <nombre>das.txt</nombre>
    <tamano>10KB</tamano>
    <diacreado>16-11-2012</diacreado>
    <diamodificado>16-11-2012</diamodificado>
    <user>osorioabel</user>
  </archivo>
  <archivo>
    <nombre>holaisrael.txt</nombre>
    <tamano>10KB</tamano>
    <diacreado>16-11-2012</diacreado>
    <diamodificado>16-11-2012</diamodificado>
    <user>osorioabel</user>
  </archivo>
</archivos>

